customer_id,age,country,subscription_type,monthly_spend,sessions_per_month,avg_watch_time_min,churned
1,56,Germany,Premium,0.17,36,80.2,1
2,69,Germany,Free,0.23,15,76.2,0
3,46,USA,Free,6.57,28,43.2,0
4,32,India,Free,1.1,52,111.7,0
5,60,France,Basic,3.24,57,102.2,1
6,25,UK,Basic,10.17,49,30.8,0
7,38,USA,Free,24.08,45,32.5,0
8,56,USA,Premium,17.16,18,63.9,0
9,36,Canada,Free,15.38,2,94.0,0
10,40,UK,Basic,8.8,13,10.1,0
11,28,Canada,Basic,27.95,45,84.7,0
12,28,France,Premium,11.91,54,79.5,0
13,41,USA,Basic,2.61,15,31.6,0
14,53,USA,Premium,18.51,20,83.4,0
15,57,India,Free,3.42,29,113.1,0
16,41,France,Premium,10.36,59,10.4,1
17,20,USA,Free,15.22,42,41.8,0
18,39,France,Premium,26.23,29,55.4,1
19,19,UK,Basic,14.81,3,108.4,1
20,41,Germany,Premium,21.07,19,115.7,0
21,61,USA,Basic,29.78,3,56.1,0
22,47,India,Basic,3.94,54,91.3,1
23,55,UK,Basic,8.24,14,66.1,0
24,19,France,Basic,11.84,40,66.8,1
25,38,Canada,Free,12.65,59,37.0,0
26,50,UK,Free,12.33,55,29.9,0
27,29,USA,Free,27.23,4,38.1,0
28,39,France,Free,21.42,59,69.0,0
29,61,Germany,Premium,18.24,52,8.4,1
30,42,UK,Free,9.28,11,109.3,0
31,66,USA,Premium,24.71,58,23.0,0
32,44,India,Free,28.65,31,30.3,1
33,59,Canada,Free,24.64,43,64.6,0
34,45,France,Premium,0.05,32,86.7,0
35,33,UK,Basic,19.09,27,16.0,0
36,32,UK,Basic,1.53,30,41.5,0
37,64,Germany,Basic,7.73,43,116.4,0
38,68,Germany,Basic,1.79,2,35.2,0
39,61,India,Free,18.11,49,41.0,0
40,69,Canada,Premium,20.6,9,101.2,0
41,20,India,Premium,3.43,28,10.8,0
42,54,USA,Basic,11.52,31,58.4,0
43,68,USA,Free,13.69,34,48.7,0
44,24,India,Basic,11.07,56,41.4,0
45,38,Canada,Free,3.63,15,37.9,0
46,26,India,Free,12.57,48,15.5,0
47,56,Canada,Free,22.54,25,41.2,1
48,35,Canada,Basic,2.13,36,10.0,0
49,21,France,Premium,2.41,8,94.8,0
50,42,Canada,Basic,10.64,9,50.8,0
51,31,Germany,Basic,28.25,58,56.0,0
52,67,Canada,Basic,20.06,58,107.8,0
53,26,Canada,Free,20.36,37,80.7,0
54,43,Canada,Free,10.86,48,5.9,0
55,19,USA,Premium,17.81,45,113.5,0
56,37,Germany,Free,0.3,39,32.3,1
57,45,Germany,Premium,19.08,32,17.4,0
58,64,India,Basic,27.4,58,93.3,0
59,24,France,Basic,18.38,52,62.6,1
60,61,Canada,Basic,26.21,17,54.9,0
61,25,UK,Basic,21.72,35,33.7,0
62,64,France,Premium,3.62,37,68.0,0
63,52,France,Premium,27.07,19,36.6,0
64,31,Germany,Basic,1.99,44,108.7,0
65,34,France,Free,16.02,29,29.7,0
66,53,Canada,Basic,4.26,59,106.7,0
67,67,Canada,Premium,0.35,7,69.3,0
68,57,USA,Free,12.66,28,100.3,0
69,21,Canada,Basic,8.85,9,87.0,1
70,19,Canada,Basic,14.58,28,85.1,0
71,23,Germany,Basic,17.32,6,42.3,0
72,59,Canada,Free,1.31,29,31.9,0
73,21,USA,Basic,3.69,58,29.3,0
74,46,UK,Premium,16.76,17,103.6,1
75,35,Germany,Free,10.3,16,99.3,0
76,43,UK,Free,21.88,23,55.7,0
77,61,Germany,Premium,19.57,31,20.2,0
78,51,India,Free,25.37,3,49.0,0
79,27,France,Premium,20.77,21,76.2,0
80,53,India,Basic,12.9,26,57.3,0
81,31,Canada,Free,20.19,36,94.7,0
82,48,UK,Premium,8.26,42,119.7,0
83,65,Canada,Basic,9.19,37,27.0,0
84,32,France,Basic,23.67,53,57.9,1
85,25,Germany,Free,13.39,22,54.6,0
86,31,France,Basic,23.95,42,40.0,0
87,40,USA,Free,24.67,12,27.8,0
88,57,France,Free,25.73,42,12.6,0
89,38,USA,Premium,27.5,13,107.0,0
90,33,France,Free,12.93,11,53.3,1
91,62,USA,Basic,9.57,54,62.1,0
92,35,UK,Free,17.47,16,110.4,1
93,64,Canada,Premium,11.14,8,94.3,0
94,41,Canada,Free,18.03,40,20.0,0
95,43,India,Premium,21.17,59,70.0,0
96,42,Canada,Basic,20.65,57,55.9,0
97,62,Germany,Free,11.24,40,96.7,0
98,58,France,Free,5.01,45,88.3,0
99,46,India,Free,12.92,59,84.4,1
100,32,Germany,Basic,4.28,2,44.2,1
101,62,Germany,Free,26.7,30,97.6,0
102,18,USA,Premium,10.38,30,11.0,0
103,42,Canada,Basic,4.63,12,23.4,0
104,24,UK,Free,0.76,10,43.6,0
105,26,UK,Basic,19.37,44,13.8,0
106,41,India,Basic,19.11,11,32.0,0
107,18,UK,Free,10.22,15,100.5,0
108,61,France,Free,2.15,16,114.0,0
109,25,UK,Free,12.29,17,40.0,0
110,41,India,Basic,9.34,26,35.4,0
111,28,UK,Basic,20.31,2,37.2,0
112,68,France,Basic,18.17,50,36.9,0
113,34,USA,Premium,10.94,12,9.1,0
114,25,India,Premium,6.54,51,111.6,0
115,52,USA,Basic,29.64,26,29.6,0
116,52,USA,Premium,13.62,23,53.3,0
117,50,USA,Free,20.65,18,6.1,0
118,22,Germany,Free,4.22,32,103.7,0
119,59,Canada,Free,14.57,49,89.1,0
120,56,Germany,Free,0.83,38,113.9,0
121,58,Canada,Basic,15.16,57,94.9,0
122,45,USA,Premium,28.92,47,41.1,0
123,24,India,Free,11.53,3,33.5,0
124,26,Canada,Free,1.17,38,85.2,0
125,25,France,Basic,0.93,3,46.9,0
126,29,France,Premium,11.64,30,70.1,1
127,51,UK,Free,4.8,1,5.7,0
128,50,Canada,Basic,0.7,30,12.1,1
129,65,India,Free,22.69,45,66.6,0
130,40,Germany,Free,13.76,32,70.1,0
131,41,USA,Premium,8.68,28,91.4,0
132,54,UK,Premium,27.0,21,20.2,0
133,52,France,Free,3.48,58,64.0,0
134,61,Germany,Premium,28.68,46,27.4,0
135,57,Germany,Basic,9.42,13,15.7,0
136,39,USA,Premium,26.65,27,52.2,0
137,44,Canada,Basic,18.09,36,23.8,0
138,52,France,Basic,24.8,7,30.5,0
139,18,India,Basic,29.52,22,41.5,0
140,52,Germany,Basic,8.65,10,34.8,0
141,54,USA,Free,28.83,39,15.1,0
142,64,India,Free,11.68,53,15.3,1
143,31,Canada,Free,11.57,15,27.2,1
144,20,France,Basic,10.21,15,10.8,0
145,18,Canada,Free,16.24,4,77.0,0
146,22,Germany,Basic,4.62,32,38.0,1
147,43,India,Premium,16.61,23,37.2,0
148,31,India,Free,16.25,55,43.2,0
149,56,India,Basic,22.86,6,81.2,1
150,44,Germany,Basic,25.01,24,105.1,0
151,26,Germany,Premium,13.21,20,92.3,0
152,32,Canada,Free,9.07,58,88.7,0
153,32,UK,Basic,7.78,37,60.7,0
154,43,Canada,Premium,5.84,20,84.8,1
155,59,France,Premium,1.73,12,68.6,0
156,30,USA,Basic,10.27,33,29.9,0
157,68,India,Basic,8.11,28,29.0,0
158,49,UK,Basic,28.99,8,39.1,0
159,56,USA,Premium,16.73,1,109.7,0
160,66,UK,Basic,10.42,37,68.0,0
161,69,Canada,Free,17.41,22,89.4,1
162,49,Germany,Premium,4.18,6,44.9,0
163,21,India,Basic,13.32,21,51.9,0
164,47,Canada,Basic,18.79,32,19.4,0
165,54,USA,Free,14.67,35,24.7,0
166,40,USA,Basic,12.05,15,100.1,1
167,56,USA,Free,29.82,5,72.3,0
168,62,USA,Basic,26.41,56,43.8,0
169,32,USA,Free,18.7,46,97.3,0
170,60,UK,Basic,17.08,50,33.3,0
171,46,Canada,Premium,18.62,48,117.2,0
172,53,India,Free,6.04,6,44.7,0
173,30,Germany,Premium,11.85,25,43.8,0
174,49,Germany,Basic,1.18,56,40.9,1
175,24,Canada,Premium,14.27,46,19.0,0
176,68,Canada,Premium,16.29,59,17.8,1
177,39,Germany,Basic,6.83,56,79.5,0
178,45,Germany,Basic,28.92,40,105.6,0
179,19,UK,Premium,27.28,29,95.9,0
180,59,France,Basic,21.66,7,21.2,0
181,62,India,Free,16.0,40,67.7,0
182,23,USA,Basic,26.1,13,17.1,0
183,45,France,Premium,3.92,38,10.2,0
184,45,Canada,Premium,23.72,18,80.5,1
185,61,Germany,Premium,3.74,2,66.5,0
186,61,France,Basic,23.83,8,14.4,0
187,37,India,Premium,8.27,11,9.0,1
188,47,Canada,Free,26.31,33,118.8,0
189,28,USA,Basic,28.32,54,8.5,0
190,45,USA,Free,4.46,38,56.1,0
191,42,India,Free,13.88,48,63.0,0
192,56,India,Free,29.43,27,18.5,0
193,50,Germany,Free,14.5,20,24.4,1
194,18,USA,Basic,25.91,12,45.5,0
195,44,Canada,Free,17.66,43,92.6,0
196,69,France,Basic,11.26,31,63.3,0
197,30,Canada,Free,8.57,27,78.4,0
198,58,UK,Free,6.1,32,118.3,0
199,20,UK,Free,22.85,10,93.3,0
200,56,India,Free,11.6,3,55.0,0
201,23,Germany,Basic,15.34,45,56.3,0
202,25,UK,Basic,14.77,27,76.2,0
203,44,USA,Basic,17.32,35,81.5,0
204,26,Canada,Basic,25.97,31,62.6,0
205,54,Canada,Free,29.42,15,79.2,0
206,50,India,Premium,12.23,16,7.7,0
207,68,France,Basic,24.83,13,54.4,1
208,59,India,Basic,22.94,49,37.1,0
209,61,France,Free,17.21,35,19.9,0
210,41,India,Free,28.68,52,16.4,0
211,32,India,Free,6.01,11,74.4,0
212,49,India,Free,3.28,59,65.2,1
213,49,France,Basic,25.62,21,34.2,0
214,41,France,Basic,13.17,51,59.2,1
215,58,India,Basic,25.41,54,61.6,0
216,69,UK,Premium,26.79,11,27.4,0
217,66,Germany,Premium,1.87,30,80.0,1
218,66,Germany,Basic,26.5,48,94.8,0
219,69,Germany,Premium,13.45,53,96.0,0
220,29,France,Free,15.31,35,74.3,0
221,56,France,Free,18.8,22,63.8,1
222,19,UK,Free,27.79,38,12.0,1
223,20,Germany,Basic,0.57,31,38.1,0
224,66,Germany,Premium,14.31,14,15.7,1
225,54,India,Free,20.63,24,115.8,0
226,66,France,Premium,21.68,50,20.5,0
227,34,Germany,Free,20.78,49,22.5,0
228,66,Canada,Premium,4.03,32,107.3,0
229,19,UK,Free,8.98,36,113.6,0
230,19,Canada,Free,10.76,32,93.1,0
231,45,Canada,Basic,24.13,55,5.6,0
232,40,UK,Free,8.36,15,5.2,0
233,54,Canada,Free,6.32,43,48.5,0
234,49,Germany,Free,28.72,58,21.5,0
235,50,France,Premium,0.27,35,7.1,0
236,18,UK,Basic,29.93,3,58.4,0
237,36,India,Free,20.3,16,113.5,0
238,19,Canada,Basic,24.85,5,42.2,0
239,61,UK,Basic,8.84,21,81.0,1
240,43,USA,Free,0.43,10,80.0,0
241,49,USA,Basic,22.14,19,33.9,0
242,23,France,Free,25.02,25,79.8,1
243,49,Germany,Free,22.21,4,29.4,0
244,21,France,Basic,4.29,29,19.0,1
245,28,France,Free,22.6,19,85.7,0
246,34,France,Basic,23.07,43,18.0,0
247,55,France,Basic,19.76,2,119.6,0
248,41,India,Free,22.98,10,26.1,0
249,22,India,Basic,25.38,43,73.3,0
250,69,UK,Free,18.41,25,52.3,0
251,51,USA,Premium,2.66,20,19.5,0
252,23,France,Basic,14.63,48,8.2,1
253,39,UK,Premium,2.33,19,76.6,0
254,28,USA,Basic,12.23,23,97.8,0
255,65,Canada,Free,12.21,24,101.8,0
256,33,Germany,Basic,1.98,11,60.5,0
257,50,India,Premium,10.46,46,94.4,1
258,26,Canada,Basic,3.33,34,82.4,0
259,23,USA,Premium,24.25,55,88.3,0
260,33,Canada,Premium,28.43,28,61.6,0
261,46,Germany,Free,2.17,5,77.8,0
262,20,USA,Free,28.65,59,97.6,1
263,37,Canada,Basic,15.68,5,50.8,0
264,53,India,Basic,8.99,51,97.7,0
265,36,India,Premium,2.31,21,73.1,1
266,43,UK,Premium,15.02,12,24.1,1
267,20,Canada,Free,23.84,50,7.8,0
268,36,France,Free,21.21,4,46.7,0
269,37,Canada,Premium,1.51,54,67.9,0
270,49,USA,Free,2.19,49,101.6,0
271,24,USA,Premium,12.09,42,19.7,1
272,69,Canada,Basic,8.86,20,97.0,0
273,58,Germany,Basic,6.97,38,104.2,0
274,50,India,Free,8.43,25,22.3,0
275,57,USA,Basic,24.1,14,102.9,0
276,56,India,Basic,27.88,11,119.0,0
277,35,USA,Basic,12.15,32,88.6,0
278,57,UK,Free,27.18,11,95.2,0
279,18,France,Basic,9.64,18,119.4,0
280,28,USA,Premium,14.29,27,74.6,0
281,45,India,Free,6.78,55,40.4,0
282,42,UK,Free,19.21,54,101.3,0
283,67,USA,Free,29.37,18,75.7,0
284,40,Germany,Basic,18.1,56,71.8,0
285,48,France,Basic,10.73,23,34.2,0
286,47,USA,Basic,19.43,11,92.0,0
287,59,UK,Free,3.69,21,14.4,0
288,52,Germany,Free,26.66,44,111.3,0
289,24,Canada,Basic,15.09,5,42.5,1
290,33,UK,Basic,13.48,23,19.7,0
291,43,UK,Premium,17.58,41,55.9,0
292,65,Germany,Free,18.74,59,9.9,1
293,69,UK,Basic,2.15,25,83.7,0
294,66,Germany,Basic,20.48,41,108.8,0
295,19,USA,Basic,7.26,54,101.3,0
296,18,Germany,Basic,21.42,10,19.6,1
297,65,Germany,Basic,24.68,22,19.5,0
298,29,France,Premium,24.12,19,98.5,0
299,22,Germany,Free,16.58,1,111.3,0
300,54,Germany,Free,15.61,7,58.0,1
301,49,Canada,Basic,4.29,4,62.4,0
302,26,USA,Basic,23.26,1,41.6,0
303,58,France,Free,8.14,15,107.8,0
304,52,Canada,Free,14.9,40,79.2,0
305,36,India,Free,8.53,12,38.1,0
306,65,USA,Premium,4.01,22,39.4,0
307,33,USA,Free,18.89,22,107.5,1
308,20,India,Free,1.63,50,6.6,0
309,37,Germany,Free,22.46,47,42.1,0
310,41,Canada,Free,9.53,17,68.8,0
311,50,UK,Free,0.0,29,22.0,0
312,41,France,Basic,15.33,46,15.6,0
313,69,UK,Free,1.41,14,98.8,0
314,28,India,Premium,8.29,50,107.9,0
315,66,USA,Free,21.21,20,99.7,0
316,25,USA,Basic,1.88,50,108.4,0
317,53,France,Premium,25.18,48,68.6,1
318,55,USA,Basic,0.11,33,98.4,1
319,57,USA,Basic,7.4,55,49.2,0
320,37,France,Free,22.23,59,81.6,0
321,52,Canada,Free,9.49,43,118.7,0
322,65,Canada,Basic,3.06,15,31.0,1
323,42,France,Premium,10.81,12,49.8,0
324,52,India,Basic,8.11,40,60.2,1
325,42,USA,Basic,25.28,54,20.9,0
326,46,USA,Basic,9.4,20,14.3,1
327,35,India,Basic,23.67,30,100.4,1
328,63,Canada,Free,26.76,38,117.3,1
329,35,Germany,Basic,13.01,3,51.5,0
330,19,Germany,Premium,27.3,28,15.1,0
331,52,Germany,Free,11.32,56,12.6,0
332,33,Canada,Basic,28.92,26,107.5,0
333,58,Canada,Free,2.68,30,58.3,0
334,53,India,Basic,20.61,13,41.8,0
335,50,USA,Free,14.81,13,59.8,0
336,21,India,Basic,11.63,2,41.6,0
337,50,India,Premium,18.98,37,61.2,0
338,31,Canada,Free,21.12,49,103.8,0
339,38,Germany,Basic,0.13,38,73.1,1
340,65,UK,Premium,5.01,2,84.9,0
341,37,USA,Premium,21.39,36,46.9,0
342,25,Canada,Free,19.99,54,89.9,0
343,24,Germany,Free,28.98,26,81.7,1
344,20,UK,Free,22.83,11,18.7,0
345,34,UK,Premium,28.52,8,70.9,0
346,50,Canada,Premium,21.08,44,34.5,0
347,65,France,Basic,8.94,40,97.5,0
348,29,USA,Premium,3.16,43,54.0,0
349,68,UK,Basic,23.45,22,119.4,1
350,39,Canada,Basic,19.32,20,15.6,1
351,39,Canada,Free,1.45,8,94.7,0
352,63,Germany,Premium,10.8,29,82.5,0
353,47,France,Free,28.7,40,93.3,0
354,55,USA,Premium,15.01,26,40.4,0
355,55,India,Premium,12.98,30,61.6,0
356,62,Germany,Basic,13.73,17,96.6,0
357,68,UK,Free,6.27,20,31.7,1
358,25,UK,Free,11.06,52,31.0,1
359,44,Germany,Free,11.09,55,68.4,0
360,44,Canada,Free,1.57,16,65.2,0
361,51,UK,Free,23.03,46,37.5,0
362,38,France,Premium,12.5,43,39.3,0
363,47,USA,Basic,24.67,7,37.0,0
364,50,France,Free,25.51,16,93.7,0
365,45,UK,Free,6.36,45,80.0,1
366,64,India,Basic,19.72,59,100.7,0
367,50,USA,Basic,14.17,47,117.2,0
368,22,USA,Basic,26.4,56,59.5,0
369,65,Germany,Premium,6.47,48,12.7,0
370,36,Germany,Basic,20.33,27,10.5,0
371,21,India,Premium,18.23,53,39.0,0
372,52,Canada,Premium,8.86,23,112.2,0
373,66,USA,Free,4.1,24,65.2,0
374,34,India,Premium,19.55,9,36.3,0
375,61,Germany,Free,22.16,35,50.9,1
376,45,Germany,Premium,9.47,51,73.8,0
377,47,USA,Free,19.34,20,80.1,0
378,46,France,Premium,11.85,37,22.7,0
379,63,UK,Premium,21.4,42,117.4,0
380,23,Germany,Premium,5.98,17,67.6,0
381,52,Canada,Premium,26.71,47,20.6,1
382,58,Canada,Free,8.62,31,107.8,1
383,54,Germany,Free,11.03,55,13.6,0
384,41,France,Basic,1.74,57,109.4,0
385,46,France,Free,3.35,8,119.6,0
386,66,India,Basic,15.48,15,85.5,0
387,63,Canada,Free,8.03,31,93.6,0
388,48,India,Premium,25.06,53,43.8,0
389,52,Canada,Basic,0.44,30,113.3,0
390,50,UK,Premium,11.37,46,65.9,0
391,69,UK,Free,10.12,20,89.2,0
392,38,USA,Premium,0.58,39,111.3,1
393,49,India,Premium,3.73,53,117.1,0
394,40,Germany,Basic,12.41,55,100.8,0
395,50,India,Basic,14.79,12,39.8,0
396,20,Germany,Premium,12.13,49,116.2,0
397,35,France,Free,15.93,17,77.2,0
398,42,India,Basic,17.85,42,112.0,0
399,59,France,Free,0.3,30,82.8,1
400,48,UK,Free,13.92,29,40.3,0
401,20,UK,Free,28.9,19,47.6,0
402,57,USA,Free,15.57,46,68.3,0
403,63,India,Free,20.33,11,95.9,0
404,41,France,Free,9.36,34,41.6,0
405,67,Germany,Premium,23.22,50,71.7,1
406,49,UK,Basic,23.19,7,44.7,0
407,64,UK,Premium,15.64,44,98.8,0
408,39,Germany,Basic,29.28,58,58.7,0
409,40,France,Free,3.77,34,13.8,0
410,19,France,Basic,0.51,59,24.1,1
411,44,India,Basic,23.1,20,12.0,1
412,59,India,Free,24.21,50,62.4,0
413,19,Canada,Basic,3.61,38,17.2,0
414,43,Canada,Free,7.97,24,18.1,0
415,34,USA,Basic,0.53,10,113.2,0
416,57,UK,Basic,8.8,32,105.4,1
417,50,India,Free,23.19,52,57.0,0
418,26,France,Free,15.54,15,118.4,0
419,60,Germany,Premium,10.44,37,5.0,0
420,65,France,Basic,11.15,20,75.6,1
421,56,UK,Free,0.04,3,75.9,0
422,46,Canada,Premium,8.99,37,57.6,0
423,59,France,Free,19.39,57,50.6,0
424,43,USA,Basic,29.23,40,57.4,1
425,52,UK,Premium,25.41,8,52.7,0
426,67,Canada,Free,0.71,40,89.0,0
427,42,Germany,Free,26.96,44,20.6,0
428,41,Canada,Free,23.5,56,27.7,0
429,30,USA,Free,23.41,23,25.8,0
430,24,UK,Free,13.74,40,35.2,1
431,53,Germany,Basic,11.94,11,65.4,0
432,62,USA,Free,9.09,46,17.8,0
433,37,Canada,Basic,1.97,8,104.8,0
434,18,USA,Premium,6.85,29,39.2,0
435,25,UK,Premium,7.4,30,23.7,1
436,63,India,Basic,14.52,56,82.7,0
437,33,USA,Free,22.42,10,9.4,0
438,31,USA,Basic,14.21,39,76.3,0
439,29,Canada,Basic,1.74,28,85.3,0
440,68,Canada,Basic,28.73,49,29.7,0
441,40,Germany,Free,28.28,36,9.8,0
442,32,Canada,Premium,23.56,13,46.8,0
443,45,France,Basic,29.74,32,16.3,0
444,51,UK,Free,16.33,36,18.4,0
445,19,UK,Free,28.88,37,34.2,0
446,49,India,Basic,2.27,26,39.0,1
447,40,India,Premium,10.97,22,65.9,0
448,39,UK,Basic,6.76,4,83.0,0
449,68,India,Premium,5.87,31,73.2,0
450,42,Germany,Free,4.22,18,22.1,0
451,39,Canada,Basic,18.67,38,24.8,0
452,39,UK,Basic,23.44,24,106.1,0
453,66,India,Free,17.35,56,69.2,0
454,69,UK,Free,4.41,23,105.0,1
455,59,France,Premium,24.33,22,47.7,0
456,23,USA,Free,19.08,2,75.7,0
457,32,Canada,Basic,11.64,31,65.2,0
458,60,UK,Free,20.22,55,41.7,0
459,54,USA,Free,7.8,11,59.0,0
460,50,India,Free,10.36,28,62.8,0
461,25,USA,Premium,27.52,46,28.1,0
462,61,Canada,Premium,8.72,32,41.2,1
463,61,UK,Premium,14.1,5,96.0,0
464,22,France,Basic,26.7,38,110.3,0
465,56,India,Free,21.23,10,46.4,1
466,21,UK,Basic,1.87,40,40.3,0
467,23,Canada,Basic,4.42,46,27.4,0
468,62,India,Premium,0.24,24,83.0,1
469,49,Germany,Free,18.93,35,42.2,0
470,69,USA,Basic,13.43,44,118.6,1
471,47,Canada,Free,4.03,48,42.5,0
472,64,Germany,Free,28.74,23,50.3,0
473,52,UK,Basic,15.89,17,74.4,1
474,57,France,Basic,7.26,1,97.2,0
475,69,India,Free,15.02,55,59.0,0
476,33,USA,Free,20.39,31,53.6,0
477,30,India,Basic,2.29,31,119.5,1
478,67,UK,Premium,8.24,42,6.2,1
479,59,India,Premium,24.21,57,107.9,0
480,47,USA,Premium,13.79,55,22.2,0
481,36,UK,Premium,16.4,42,95.4,1
482,34,India,Free,12.98,53,76.1,0
483,36,France,Basic,1.32,56,44.3,0
484,45,Canada,Basic,4.97,34,105.5,0
485,43,UK,Free,13.37,9,6.5,0
486,54,Canada,Premium,6.28,22,31.1,0
487,43,UK,Free,1.5,13,70.2,0
488,40,France,Premium,25.31,25,45.4,0
489,26,Canada,Basic,29.44,48,75.2,1
490,29,Germany,Basic,23.79,18,7.8,0
491,18,USA,Basic,25.61,51,18.4,0
492,18,Germany,Premium,7.26,12,19.6,0
493,64,India,Basic,28.82,40,26.8,0
494,51,France,Basic,5.91,17,57.8,0
495,49,Germany,Free,28.54,15,91.5,0
496,65,UK,Basic,29.84,42,109.1,0
497,42,India,Free,21.35,15,101.1,1
498,57,India,Basic,29.43,15,27.6,0
499,62,Germany,Basic,17.09,55,55.7,0
500,18,Germany,Basic,7.79,39,27.9,0
501,33,France,Free,13.11,13,35.4,1
502,56,USA,Free,17.81,17,62.9,0
503,22,Germany,Basic,2.19,32,12.8,0
504,39,Germany,Free,18.67,9,30.1,0
505,46,Canada,Free,29.44,40,112.6,0
506,20,UK,Free,5.7,20,58.6,0
507,29,Canada,Premium,23.78,26,56.2,0
508,43,Canada,Basic,27.24,27,6.7,1
509,33,India,Free,28.31,21,33.5,1
510,68,USA,Free,28.8,18,104.6,0
511,54,UK,Free,15.64,13,23.9,1
512,39,France,Premium,29.32,16,52.7,0
513,46,France,Basic,22.72,9,6.6,0
514,31,Germany,Free,4.85,12,60.0,0
515,45,Germany,Free,14.31,44,7.4,0
516,22,France,Free,21.55,38,99.3,1
517,64,Germany,Basic,7.42,19,99.9,0
518,66,USA,Premium,19.22,7,95.6,0
519,47,Canada,Free,20.0,57,37.6,0
520,63,Germany,Free,4.88,35,101.3,0
521,69,India,Free,16.95,48,67.4,0
522,22,Germany,Premium,23.15,18,48.0,0
523,29,UK,Free,14.97,16,76.9,0
524,33,USA,Premium,0.36,55,6.4,1
525,43,UK,Basic,0.27,39,21.4,1
526,43,UK,Free,10.71,4,90.4,0
527,65,India,Free,27.79,59,33.1,1
528,38,USA,Free,6.86,25,73.8,0
529,56,USA,Basic,19.03,32,49.3,0
530,53,USA,Premium,6.66,40,103.3,0
531,50,USA,Basic,9.65,13,114.5,0
532,47,USA,Basic,25.44,45,106.6,0
533,54,India,Free,21.87,17,36.1,0
534,40,Germany,Premium,2.86,49,27.3,0
535,27,UK,Premium,12.86,37,59.6,0
536,22,USA,Free,0.88,6,5.8,0
537,53,Germany,Premium,14.43,19,8.0,0
538,51,Germany,Basic,19.87,13,68.6,0
539,69,UK,Basic,3.56,57,64.9,0
540,48,India,Basic,8.67,26,119.4,0
541,27,France,Premium,11.94,14,28.2,0
542,36,France,Basic,27.59,31,34.7,0
543,49,Germany,Free,29.8,54,18.1,1
544,18,Canada,Free,1.35,4,110.5,0
545,22,Canada,Premium,22.83,39,94.4,0
546,62,UK,Free,11.15,8,99.6,0
547,21,France,Free,11.77,25,108.8,1
548,33,Germany,Basic,22.63,13,65.4,0
549,41,India,Basic,27.55,32,56.9,0
550,33,France,Basic,28.53,59,43.0,1
551,19,Germany,Premium,17.31,38,72.8,0
552,66,Germany,Free,10.71,38,57.2,0
553,45,USA,Free,23.63,56,56.9,0
554,49,India,Free,7.53,28,112.7,0
555,44,USA,Premium,16.92,53,118.2,0
556,37,UK,Basic,10.76,30,96.6,0
557,41,USA,Free,19.7,3,92.0,0
558,29,USA,Premium,7.21,28,83.3,0
559,67,France,Premium,5.75,3,24.1,0
560,52,Canada,Premium,27.55,45,11.8,0
561,50,Germany,Premium,3.05,54,84.4,0
562,50,India,Free,15.18,34,88.8,1
563,68,USA,Premium,6.63,16,10.4,0
564,60,India,Basic,1.17,22,111.7,1
565,54,Canada,Premium,1.08,32,15.5,0
566,29,Canada,Basic,5.26,38,37.9,0
567,20,USA,Premium,26.0,8,82.3,0
568,18,UK,Basic,8.47,55,24.5,0
569,50,USA,Free,28.51,8,11.4,0
570,57,France,Basic,17.45,57,43.1,0
571,27,Germany,Premium,13.1,6,93.1,1
572,60,UK,Premium,17.4,14,52.6,0
573,61,USA,Free,15.5,32,80.1,0
574,46,India,Free,22.76,35,71.7,0
575,30,UK,Free,8.47,10,7.6,1
576,29,UK,Basic,10.59,3,118.7,0
577,48,USA,Premium,26.82,59,9.8,0
578,63,UK,Free,28.39,12,116.3,0
579,19,India,Basic,26.78,49,68.2,0
580,68,Canada,Premium,12.58,59,115.8,0
581,67,UK,Basic,23.41,31,18.2,0
582,52,Canada,Basic,14.29,29,61.4,0
583,40,India,Basic,14.93,5,24.5,0
584,34,USA,Basic,6.14,52,10.9,0
585,43,Germany,Free,17.73,25,76.0,0
586,25,UK,Basic,5.58,41,28.9,1
587,46,Germany,Basic,9.95,31,72.6,0
588,43,India,Premium,25.65,21,17.9,0
589,27,UK,Basic,6.21,58,43.2,0
590,43,Canada,Premium,2.13,20,94.9,0
591,51,France,Free,2.07,39,55.3,1
592,68,Germany,Basic,28.22,22,77.2,0
593,58,UK,Free,15.21,4,79.5,0
594,24,Germany,Free,12.28,13,102.0,0
595,21,UK,Basic,24.33,45,42.4,1
596,67,USA,Premium,25.07,42,84.0,0
597,62,Canada,Free,9.97,50,115.6,0
598,28,Germany,Basic,20.81,49,89.0,1
599,46,France,Premium,23.13,20,61.3,0
600,53,France,Free,19.64,52,77.5,0
601,42,India,Basic,4.55,13,90.1,0
602,38,UK,Basic,26.28,17,75.4,0
603,53,Germany,Basic,16.17,54,6.9,0
604,27,India,Free,8.47,36,27.4,0
605,54,Germany,Free,12.76,33,98.2,1
606,26,UK,Premium,1.13,1,36.4,0
607,41,France,Basic,3.84,15,89.1,0
608,52,USA,Free,22.97,13,47.8,0
609,66,France,Premium,0.0,17,65.0,0
610,52,India,Free,12.5,24,12.8,0
611,65,Canada,Basic,15.68,58,25.8,0
612,53,USA,Free,1.64,8,115.1,0
613,35,India,Premium,29.19,50,107.4,0
614,66,UK,Free,6.78,27,80.0,1
615,56,USA,Free,9.13,45,57.9,1
616,49,India,Free,9.12,23,82.7,0
617,41,UK,Free,6.91,46,76.1,0
618,40,France,Premium,0.04,8,70.4,0
619,49,Canada,Premium,21.88,8,11.8,0
620,54,UK,Free,29.01,59,77.8,0
621,29,Germany,Basic,6.73,26,93.4,0
622,66,UK,Basic,19.89,47,119.3,0
623,30,UK,Premium,22.26,59,6.3,0
624,40,Canada,Basic,25.45,13,89.0,0
625,42,Germany,Free,12.68,39,70.8,0
626,52,India,Basic,9.09,37,54.9,0
627,58,India,Basic,9.76,49,19.7,0
628,47,UK,Free,21.38,28,52.0,0
629,34,Germany,Basic,24.5,25,45.8,0
630,66,Germany,Free,5.45,16,39.8,1
631,37,Canada,Premium,11.13,55,89.1,0
632,65,France,Free,27.06,2,85.6,0
633,42,India,Basic,24.2,54,72.7,0
634,39,Canada,Basic,29.55,18,112.9,1
635,30,USA,Basic,22.63,17,45.2,0
636,36,India,Free,11.8,30,33.0,0
637,66,Canada,Basic,17.72,39,80.4,1
638,53,India,Basic,19.83,13,27.9,1
639,29,France,Basic,2.35,32,41.2,1
640,58,USA,Basic,16.33,50,30.8,1
641,36,France,Basic,21.28,29,13.0,1
642,29,USA,Premium,5.02,46,100.2,0
643,26,UK,Free,23.42,30,34.3,0
644,24,Canada,Premium,17.51,18,59.4,0
645,45,USA,Basic,28.57,13,10.0,0
646,31,France,Free,1.27,43,85.4,0
647,48,India,Free,7.96,21,43.0,0
648,69,USA,Free,18.05,30,90.6,0
649,36,Canada,Premium,8.9,21,52.4,0
650,64,USA,Basic,21.43,48,27.5,0
651,33,Germany,Premium,22.77,55,64.0,0
652,22,India,Basic,3.08,17,20.0,0
653,52,Canada,Basic,15.42,40,55.7,0
654,29,Canada,Free,15.27,19,41.5,0
655,42,UK,Free,11.08,52,109.9,0
656,69,France,Basic,27.99,15,12.0,0
657,38,UK,Free,24.83,9,84.8,0
658,53,Canada,Free,20.92,52,26.0,0
659,40,India,Basic,21.43,10,41.7,0
660,33,USA,Basic,13.85,44,52.8,0
661,56,USA,Premium,27.63,31,109.4,1
662,62,India,Premium,20.84,53,32.9,0
663,59,Canada,Basic,21.87,23,15.5,0
664,56,USA,Basic,25.85,52,41.6,0
665,31,USA,Basic,8.22,30,17.0,0
666,48,USA,Premium,24.21,33,19.8,0
667,22,France,Free,5.86,57,71.0,0
668,52,France,Basic,10.36,52,12.0,0
669,40,Germany,Premium,10.07,9,8.6,0
670,46,UK,Free,29.36,54,87.2,0
671,60,India,Basic,25.7,47,46.6,0
672,28,India,Basic,21.04,1,19.4,0
673,35,India,Free,21.81,44,34.2,1
674,64,Germany,Free,16.86,35,78.8,0
675,29,France,Free,28.41,11,36.7,0
676,26,Canada,Free,14.89,34,61.9,0
677,27,Canada,Free,11.42,16,19.0,0
678,61,Germany,Premium,4.89,9,72.6,0
679,34,Canada,Free,23.59,32,41.3,0
680,55,India,Basic,22.03,15,77.1,1
681,24,UK,Free,11.53,12,98.0,0
682,63,USA,Premium,0.76,33,75.3,1
683,30,France,Free,25.17,45,39.0,0
684,57,France,Basic,0.34,14,34.4,1
685,59,Germany,Premium,21.11,57,42.7,0
686,26,France,Premium,29.11,57,23.9,0
687,67,India,Free,13.13,8,25.8,0
688,44,Canada,Premium,7.05,8,95.9,0
689,19,India,Basic,21.15,27,49.2,1
690,22,Germany,Basic,24.51,12,55.1,0
691,46,India,Free,16.39,1,73.3,0
692,54,Canada,Free,29.01,43,72.8,0
693,55,UK,Basic,1.55,40,12.7,0
694,36,Germany,Basic,15.14,42,100.6,0
695,25,UK,Basic,21.55,51,25.4,0
696,65,USA,Basic,25.88,11,88.2,0
697,62,UK,Premium,5.38,39,93.9,1
698,18,USA,Free,24.0,43,87.2,0
699,39,USA,Basic,16.58,31,71.6,0
700,69,UK,Free,11.9,17,6.7,0
701,34,Germany,Premium,3.95,33,46.4,0
702,24,Canada,Basic,25.96,32,74.6,0
703,42,India,Premium,4.72,58,49.6,0
704,62,India,Free,9.29,29,104.3,0
705,21,Canada,Free,8.7,21,40.5,0
706,53,USA,Free,26.14,21,38.8,1
707,23,USA,Free,20.18,40,35.6,0
708,48,Germany,Free,23.9,23,43.3,0
709,36,France,Premium,7.51,56,69.1,1
710,61,UK,Free,18.75,6,86.3,1
711,56,USA,Free,17.15,22,81.2,0
712,44,India,Premium,24.98,50,97.9,0
713,27,Germany,Basic,27.18,38,106.9,0
714,43,UK,Premium,0.36,37,98.8,1
715,36,Germany,Free,20.22,45,7.2,1
716,56,UK,Basic,1.56,51,89.6,0
717,20,UK,Free,16.47,54,29.0,0
718,62,Canada,Free,8.63,8,20.3,0
719,30,USA,Premium,9.2,41,78.4,0
720,67,Germany,Free,10.59,49,41.8,0
721,45,Germany,Basic,18.64,35,11.6,0
722,37,Canada,Basic,10.02,51,20.8,1
723,45,India,Free,21.98,11,5.1,0
724,25,India,Premium,12.14,24,108.9,0
725,58,USA,Free,2.05,49,7.8,0
726,56,USA,Basic,23.51,21,29.1,0
727,18,France,Premium,8.57,51,52.9,0
728,20,Canada,Basic,12.98,2,46.0,0
729,30,India,Premium,20.56,40,109.8,0
730,45,UK,Free,9.97,19,9.6,1
731,66,Germany,Basic,1.7,39,63.9,0
732,42,USA,Free,11.22,28,83.3,0
733,50,Germany,Basic,28.33,59,112.1,0
734,55,Germany,Premium,19.25,17,76.3,0
735,23,France,Free,20.14,6,97.4,0
736,61,India,Basic,18.97,19,14.6,0
737,62,USA,Free,5.97,56,49.4,0
738,49,Germany,Basic,12.55,38,48.0,0
739,62,USA,Basic,22.53,28,106.9,0
740,64,UK,Premium,3.04,2,22.4,0
741,38,France,Basic,8.34,38,22.5,1
742,33,UK,Free,8.29,55,42.8,1
743,38,USA,Free,12.96,37,11.3,0
744,28,USA,Free,29.41,51,26.0,0
745,54,India,Free,2.03,52,116.0,1
746,53,Germany,Free,15.56,4,54.2,0
747,52,Germany,Premium,5.38,22,77.7,0
748,36,UK,Basic,29.12,26,88.5,1
749,37,France,Basic,3.4,49,47.2,0
750,35,Canada,Free,12.11,43,21.9,1
751,64,Germany,Premium,22.14,36,28.8,1
752,58,India,Basic,21.14,58,41.0,0
753,66,UK,Free,12.68,13,78.1,1
754,31,UK,Basic,10.4,52,50.8,0
755,32,Canada,Basic,11.93,58,5.8,0
756,48,India,Free,7.93,32,65.2,0
757,18,France,Basic,6.16,17,111.0,0
758,20,India,Basic,14.49,41,98.4,0
759,33,France,Free,8.06,36,99.9,0
760,40,India,Premium,8.62,55,96.4,0
761,28,India,Premium,19.7,46,42.2,0
762,29,USA,Basic,29.06,19,93.0,0
763,27,UK,Basic,18.11,58,21.5,0
764,49,India,Basic,2.31,35,80.6,1
765,33,Canada,Basic,2.27,46,78.8,1
766,25,India,Basic,28.54,40,7.9,0
767,55,Germany,Free,8.92,56,95.6,1
768,29,UK,Basic,2.76,59,108.9,0
769,41,Germany,Premium,17.97,28,35.8,0
770,45,UK,Basic,18.71,1,98.4,0
771,25,Germany,Free,19.46,42,14.5,0
772,45,India,Premium,8.02,18,74.0,1
773,53,India,Free,0.45,48,60.8,0
774,43,USA,Free,28.95,40,67.8,0
775,25,Canada,Free,7.53,33,111.5,0
776,67,Germany,Free,20.28,12,105.2,0
777,45,France,Premium,21.2,8,95.3,0
778,45,USA,Basic,18.3,24,36.5,0
779,54,Germany,Free,9.39,16,109.9,0
780,58,Germany,Premium,8.13,50,16.2,0
781,53,USA,Premium,17.93,4,103.1,0
782,44,India,Premium,25.98,38,42.7,0
783,34,Germany,Free,28.4,44,11.2,0
784,26,India,Basic,3.18,27,82.0,0
785,50,USA,Premium,4.64,9,31.6,0
786,37,India,Premium,28.34,47,33.0,0
787,30,UK,Free,22.1,16,40.2,0
788,45,France,Free,26.49,56,12.3,0
789,65,Germany,Basic,6.08,12,25.4,1
790,46,Canada,Premium,17.63,31,5.6,0
791,30,France,Basic,21.03,24,56.2,0
792,63,India,Basic,20.4,55,14.7,1
793,52,Germany,Free,12.24,14,83.5,0
794,23,India,Basic,0.46,45,32.1,0
795,35,UK,Premium,17.49,25,113.5,0
796,68,USA,Free,7.59,34,105.2,0
797,22,Germany,Premium,13.51,3,38.3,0
798,64,UK,Premium,28.73,58,95.1,1
799,42,UK,Free,11.97,24,97.4,0
800,19,Germany,Basic,25.19,54,118.5,0
801,27,India,Free,5.66,42,73.8,1
802,47,Canada,Premium,20.17,9,14.4,1
803,67,UK,Basic,29.31,26,79.4,0
804,62,France,Basic,3.06,20,76.9,0
805,22,UK,Premium,0.25,40,78.4,1
806,50,Canada,Free,13.01,10,40.3,0
807,18,India,Premium,2.78,19,103.9,0
808,35,India,Basic,22.45,3,115.3,1
809,49,France,Free,27.44,24,30.0,0
810,64,UK,Basic,13.02,5,15.1,0
811,66,India,Premium,7.76,3,27.4,0
812,28,Canada,Free,13.03,58,99.4,0
813,38,Germany,Premium,21.7,27,82.8,0
814,43,USA,Premium,0.27,16,78.1,0
815,42,USA,Free,17.68,49,51.2,0
816,39,USA,Premium,18.4,15,71.5,0
817,44,UK,Free,19.13,35,40.4,0
818,66,France,Free,7.26,12,59.9,0
819,30,India,Free,21.42,41,96.2,0
820,50,Germany,Premium,2.74,53,117.8,0
821,51,Canada,Basic,5.98,44,112.2,0
822,58,Germany,Free,26.32,26,112.4,0
823,52,Canada,Basic,22.16,47,51.3,0
824,18,UK,Basic,0.41,34,58.9,1
825,38,USA,Free,7.45,23,86.1,0
826,65,UK,Premium,6.43,31,111.1,0
827,23,France,Premium,8.12,50,21.3,1
828,45,France,Basic,7.43,20,40.0,0
829,34,Canada,Premium,1.88,12,21.0,0
830,22,India,Basic,13.77,23,75.4,0
831,48,India,Premium,21.98,4,40.2,0
832,22,Canada,Basic,18.2,23,42.5,1
833,55,France,Basic,20.19,48,13.2,0
834,20,France,Free,2.43,55,45.2,0
835,40,France,Premium,28.54,48,104.2,0
836,54,UK,Basic,25.15,1,31.8,0
837,54,France,Free,24.15,54,84.9,0
838,27,Germany,Free,24.69,25,77.4,0
839,27,USA,Basic,27.98,2,104.3,0
840,36,France,Basic,16.33,30,20.2,0
841,34,Canada,Basic,6.01,3,117.4,1
842,38,USA,Premium,18.5,58,72.0,1
843,31,UK,Free,22.29,21,119.5,0
844,26,Canada,Basic,22.14,25,109.8,0
845,63,USA,Free,15.64,20,30.5,0
846,18,Canada,Premium,2.05,49,11.5,0
847,68,UK,Premium,11.13,52,34.4,1
848,62,Germany,Basic,27.62,22,65.7,0
849,30,UK,Basic,17.53,21,24.7,0
850,21,UK,Free,16.15,33,24.3,1
851,18,Canada,Basic,8.07,52,58.2,0
852,66,India,Premium,11.05,38,8.8,1
853,57,France,Basic,26.86,15,19.0,1
854,49,France,Free,19.99,58,52.8,0
855,51,Germany,Basic,23.62,58,12.3,0
856,45,Germany,Premium,13.63,46,50.6,1
857,48,France,Free,18.91,52,59.5,1
858,25,India,Free,7.45,15,56.9,0
859,56,France,Basic,21.16,46,105.0,1
860,43,India,Premium,12.83,25,66.0,0
861,51,Germany,Free,13.28,21,58.8,0
862,20,USA,Free,19.48,24,52.2,1
863,67,Canada,Free,28.09,57,99.0,0
864,29,Germany,Free,1.92,58,107.9,1
865,18,Germany,Basic,24.74,5,103.1,0
866,61,UK,Basic,8.77,6,82.5,0
867,22,UK,Basic,13.32,49,20.8,0
868,47,UK,Basic,0.66,43,36.8,0
869,47,Canada,Free,9.03,48,10.3,0
870,34,UK,Premium,15.08,44,112.0,0
871,65,India,Basic,1.69,47,81.0,0
872,64,France,Premium,14.73,23,90.8,0
873,40,USA,Basic,27.81,4,40.8,0
874,32,Germany,Free,3.16,27,102.3,1
875,54,India,Basic,22.93,18,34.9,0
876,38,USA,Free,12.29,21,5.2,0
877,31,India,Basic,19.66,28,48.3,0
878,19,India,Free,7.81,35,70.6,0
879,28,Germany,Free,4.78,22,60.1,0
880,68,France,Premium,4.81,40,104.1,0
881,56,UK,Free,2.11,23,17.1,0
882,55,Canada,Premium,5.57,3,68.7,0
883,51,France,Free,19.93,40,64.0,1
884,55,Canada,Basic,26.45,50,37.4,0
885,67,Germany,Basic,24.42,10,99.6,0
886,51,Germany,Basic,20.55,25,91.6,0
887,35,Germany,Free,3.31,52,89.3,0
888,47,USA,Free,8.68,49,105.8,0
889,32,Canada,Free,9.29,8,88.1,0
890,44,France,Free,7.5,55,31.7,0
891,68,France,Basic,15.45,11,86.1,0
892,51,India,Premium,16.07,5,40.4,0
893,69,India,Premium,10.71,58,32.9,0
894,55,India,Premium,10.61,45,13.4,0
895,50,Germany,Premium,24.86,53,90.6,0
896,41,France,Basic,23.68,55,86.8,0
897,32,Canada,Free,9.23,37,32.0,0
898,47,Germany,Premium,27.41,56,91.2,0
899,59,USA,Basic,28.58,59,110.6,0
900,68,India,Basic,9.8,45,17.4,0
901,34,Germany,Free,10.63,38,31.8,0
902,22,Germany,Basic,15.17,29,91.3,0
903,46,USA,Basic,28.23,5,36.6,0
904,21,UK,Premium,26.29,9,76.8,0
905,27,France,Basic,3.08,59,14.3,0
906,34,Canada,Free,11.78,48,57.0,0
907,27,UK,Premium,16.6,2,90.0,1
908,34,India,Free,15.09,1,83.9,0
909,37,Germany,Basic,5.82,40,98.7,0
910,41,USA,Free,25.76,51,105.9,1
911,22,USA,Basic,20.31,30,93.9,1
912,51,France,Premium,25.14,11,82.2,0
913,23,UK,Free,25.76,28,8.6,0
914,19,France,Premium,22.45,44,66.5,0
915,30,Germany,Free,13.18,12,9.3,0
916,60,France,Premium,18.32,39,97.9,0
917,60,Canada,Premium,4.81,26,41.9,0
918,65,USA,Premium,20.21,13,69.7,0
919,28,USA,Free,5.38,59,37.1,1
920,68,India,Premium,20.82,8,95.0,1
921,64,India,Basic,6.89,54,106.9,0
922,40,Germany,Free,3.53,28,50.8,0
923,33,Canada,Premium,4.96,58,104.2,0
924,48,UK,Free,0.06,30,35.7,1
925,28,France,Premium,21.56,9,66.5,0
926,33,Germany,Free,21.97,39,103.8,0
927,25,India,Basic,15.45,31,42.5,0
928,21,France,Basic,4.84,58,114.7,0
929,57,India,Free,2.51,21,19.0,0
930,21,France,Free,0.57,56,7.1,0
931,42,UK,Free,4.97,47,109.0,0
932,20,Germany,Basic,26.73,34,12.9,0
933,49,France,Free,7.25,55,119.1,0
934,20,Canada,Basic,10.63,31,114.4,0
935,44,USA,Free,3.16,52,20.8,1
936,46,Canada,Free,6.67,25,66.8,1
937,49,Canada,Basic,15.58,12,26.3,1
938,67,USA,Free,18.23,1,54.2,1
939,68,Canada,Premium,7.36,55,12.1,0
940,36,France,Premium,1.73,22,30.8,0
941,38,France,Basic,11.73,40,46.8,0
942,22,France,Basic,7.03,37,55.4,1
943,35,USA,Premium,6.59,47,117.4,0
944,45,Canada,Free,28.8,1,97.9,0
945,59,USA,Free,18.49,1,89.8,1
946,39,France,Free,16.71,57,66.8,0
947,38,Canada,Premium,12.47,42,101.6,0
948,23,Canada,Free,12.87,54,44.0,0
949,18,India,Basic,16.23,42,86.5,0
950,22,India,Premium,20.89,21,119.3,0
951,58,UK,Premium,21.06,15,41.2,0
952,29,Germany,Basic,5.15,17,82.5,0
953,43,India,Free,15.0,22,102.1,1
954,63,USA,Premium,12.36,38,110.3,0
955,51,India,Basic,26.12,35,87.6,0
956,66,UK,Free,18.94,45,37.6,0
957,31,Canada,Free,15.98,16,42.5,0
958,43,UK,Premium,3.46,8,7.4,0
959,62,Canada,Basic,18.17,47,92.5,0
960,44,Canada,Premium,3.52,17,9.9,0
961,26,Germany,Premium,10.12,17,104.4,0
962,43,India,Basic,4.29,54,18.6,0
963,64,USA,Basic,20.76,26,24.8,0
964,39,USA,Basic,6.19,13,59.8,0
965,64,France,Free,11.76,17,89.9,0
966,47,Canada,Basic,26.87,38,21.0,0
967,60,USA,Premium,6.13,17,55.6,1
968,65,Germany,Basic,15.23,48,60.5,0
969,34,Canada,Premium,12.58,14,29.4,0
970,43,Germany,Basic,0.54,45,18.3,0
971,53,USA,Basic,23.78,6,101.2,0
972,18,USA,Basic,2.07,35,62.8,0
973,25,France,Basic,14.23,46,6.7,0
974,66,USA,Basic,16.82,14,97.3,0
975,52,Canada,Free,18.85,47,117.8,0
976,69,Canada,Basic,20.66,8,74.7,0
977,32,Canada,Free,7.6,15,62.9,0
978,64,France,Free,0.3,54,106.0,0
979,39,France,Basic,21.7,27,114.5,0
980,31,USA,Basic,16.07,13,91.8,1
981,43,UK,Premium,25.08,49,56.2,0
982,45,UK,Basic,24.64,31,73.1,0
983,40,France,Basic,25.3,53,85.6,0
984,31,USA,Basic,14.55,56,27.3,0
985,41,UK,Basic,10.01,35,56.4,0
986,19,USA,Free,23.75,6,100.4,0
987,62,USA,Free,13.54,5,80.3,0
988,43,USA,Free,5.5,22,52.3,0
989,31,India,Basic,25.65,58,81.3,1
990,68,Canada,Free,26.48,49,18.6,0
991,24,USA,Free,13.99,23,51.2,0
992,20,India,Free,2.27,25,96.2,1
993,64,France,Premium,11.63,34,30.4,1
994,40,UK,Free,24.11,26,26.4,0
995,63,Canada,Basic,27.05,47,114.3,0
996,60,UK,Free,6.1,5,29.1,1
997,64,Canada,Basic,2.01,26,35.0,0
998,62,UK,Free,26.32,20,116.5,0
999,35,Canada,Free,11.68,6,89.5,0
1000,55,UK,Basic,16.25,6,85.5,0
